{"model_name": "big-bird", "parameters": 128060930, "artefact_size": 711616, "duration": 2360.9150528907776, "metrics": {"eval_loss": 0.28064730763435364, "eval_accuracy": 0.9232715008431703, "eval_f1": 0.9201053555750659, "eval_precision": 0.9373881932021467, "eval_recall": 0.903448275862069, "eval_runtime": 75.4542, "eval_samples_per_second": 15.718, "eval_steps_per_second": 3.936, "epoch": 5.0}, "tokencount": "LONG"}