{"model_name": "big-bird", "parameters": 128060930, "artefact_size": 711616, "duration": 2387.0624866485596, "metrics": {"eval_loss": 0.2196962982416153, "eval_accuracy": 0.9435075885328836, "eval_f1": 0.9418907198612315, "eval_precision": 0.9394463667820069, "eval_recall": 0.9443478260869566, "eval_runtime": 74.1597, "eval_samples_per_second": 15.993, "eval_steps_per_second": 4.005, "epoch": 5.0}, "tokencount": "SHORT"}