{"model_name": "roberta", "parameters": 124647170, "artefact_size": 743692, "duration": 795.234546661377, "metrics": {"eval_loss": 0.21735388040542603, "eval_accuracy": 0.9468802698145026, "eval_f1": 0.9461998292058071, "eval_precision": 0.9295302013422819, "eval_recall": 0.9634782608695652, "eval_runtime": 24.723, "eval_samples_per_second": 47.972, "eval_steps_per_second": 12.013, "epoch": 5.0}, "tokencount": "SHORT"}