{"model_name": "longformer", "parameters": 148660994, "artefact_size": 839482, "duration": 2049.965436220169, "metrics": {"eval_loss": 0.37191107869148254, "eval_accuracy": 0.9232715008431703, "eval_f1": 0.9218884120171674, "eval_precision": 0.9179487179487179, "eval_recall": 0.9258620689655173, "eval_runtime": 68.2604, "eval_samples_per_second": 17.375, "eval_steps_per_second": 4.351, "epoch": 5.0}, "tokencount": "LONG"}