{"model_name": "roberta", "parameters": 124647170, "artefact_size": 743692, "duration": 794.4169607162476, "metrics": {"eval_loss": 0.4853211045265198, "eval_accuracy": 0.8996627318718381, "eval_f1": 0.9002514668901929, "eval_precision": 0.8760195758564437, "eval_recall": 0.9258620689655173, "eval_runtime": 24.7082, "eval_samples_per_second": 48.0, "eval_steps_per_second": 12.02, "epoch": 5.0}, "tokencount": "LONG"}