{"model_name": "longformer", "parameters": 148660994, "artefact_size": 839482, "duration": 2054.1661953926086, "metrics": {"eval_loss": 0.2637808322906494, "eval_accuracy": 0.9418212478920742, "eval_f1": 0.9414758269720103, "eval_precision": 0.9188741721854304, "eval_recall": 0.9652173913043478, "eval_runtime": 68.776, "eval_samples_per_second": 17.244, "eval_steps_per_second": 4.318, "epoch": 5.0}, "tokencount": "SHORT"}